1,Mike Jones,Arithmetic tests,5,Elementary Algebra tests,4,Arithmetic equations tests,3,Chemical formulas,4,Valence of chemical elements,2,Molecular weight,3,3
2,John Smith,Arithmetic tests,5,Elementary Algebra tests,4,Arithmetic equations tests,3,Chemical formulas,4,Valence of chemical elements,2,Molecular weight,3,3
3,Saimon Peters,Arithmetic tests,5,Elementary Algebra tests,4,Arithmetic equations tests,3,Chemical formulas,4,Valence of chemical elements,2,Molecular weight,3,3
4,Linda Ashby,Arithmetic tests,5,Elementary Algebra tests,4,Arithmetic equations tests,3,Chemical formulas,4,Valence of chemical elements,2,Molecular weight,3,3
5,Amanda Simons,Arithmetic tests,5,Elementary Algebra tests,4,Arithmetic equations tests,3,Chemical formulas,4,Valence of chemical elements,2,Molecular weight,3,3
6,Floyd Mayweather,Arithmetic tests,5,Elementary Algebra tests,4,Arithmetic equations tests,3,Chemical formulas,4,Valence of chemical elements,2,Molecular weight,3,3
7,Stiven King,Arithmetic tests,5,Elementary Algebra tests,4,Arithmetic equations tests,3,Chemical formulas,4,Valence of chemical elements,2,Molecular weight,3,3
8,Peter Parker,Arithmetic tests,5,Elementary Algebra tests,4,Arithmetic equations tests,3,Chemical formulas,4,Valence of chemical elements,2,Molecular weight,3,3
9,Elena Stevens,Arithmetic tests,5,Elementary Algebra tests,4,Arithmetic equations tests,3,Chemical formulas,4,Valence of chemical elements,2,Molecular weight,3,3
10,Maria Sharps,Arithmetic tests,5,Elementary Algebra tests,4,Arithmetic equations tests,3,Chemical formulas,4,Valence of chemical elements,2,Molecular weight,3,3
